assunto,corpo
üëâ O que eles disseram ap√≥s assinar o DIO GLOBAL Vital√≠cio,"Seja Dio Global Vital√≠cio

( https://www.dio.me/global/black-friday-antecipada-2025?source=email-P2-black-friday-antecipada-2025&utm_source=email&utm_medium=email&utm_content=email-06&utm_term=P2&utm_campaign=black-friday-antecipada-2025 )

Fala Ant√¥nio! Tudo bem?

¬†

A oferta de Black Friday Antecipada para adquirir o DIO GLOBAL Vital√≠cio est√° liberada agora.

Se voc√™ ainda n√£o garantiu seu acesso ao DIO GLOBAL para sempre, clique para ativar sua assinatura vital√≠cia agora e garantir a oferta de Black Friday ( https://www.dio.me/global/black-friday-antecipada-2025?source=email-P2-black-friday-antecipada-2025&utm_source=email&utm_medium=email&utm_content=email-06&utm_term=P2&utm_campaign=black-friday-antecipada-2025 )

J√° s√£o milhares de pessoas que aproveitaram a Black Friday e desbloquearam acesso ao DIO GLOBAL para sempre. Veja o que elas est√£o falando üëá¬†

üëâ ""Sem d√∫vidas o melhor pre√ßo poss√≠vel! Com certeza foi o melhor investimento que fiz para ter acesso para sempre a plataforma com o DIO GLOBAL Vital√≠cio""
. ¬†

Lucas P.¬†

------¬†

üëâ ""Muito bom n√£o ter que ficar renovando o plano todos os anos. Pago uma vez e j√° era. Valeu demais, DIO!""
¬†

Amanda B.¬†-----¬†¬†üëâ ""Agora n√£o tem essa de ficar desatualizado, garantia de acesso pra sempre de todos os conte√∫dos e os pr√≥ximos lan√ßamentos. DIO GLOBAL Vital√≠cio vale a pena demais!""
¬†

Clique aqui e seja DIO GLOBAL para sempre
( https://www.dio.me/global/black-friday-antecipada-2025?source=email-P2-black-friday-antecipada-2025&utm_source=email&utm_medium=email&utm_content=email-06&utm_term=P2&utm_campaign=black-friday-antecipada-2025 )

Aproveite a Black Friday e libere agora mesmo seu acesso ao DIO GLOBAL para conquistar sua primeira vaga em tech.¬†

N√£o espere uma oferta melhor no dia da Black Friday ‚Äì essa √© a melhor condi√ß√£o que teremos em 2025.

At√© mais.

¬†

DIO

N√£o quer receber nossas atualiza√ß√µes? Clique aqui para cancelar a inscri√ß√£o (
https://tracking.dio.me/tracking/1/unsubscribe/mpaWon4p-MZn5WRsyUf9AyFMAhArElweXViGzvweCdSiWAyZMohxKcL0dA54QPXFUB58UBYCHzqUL8zn8_JTvGQREacXA9WPxShEduHhtSlXebwtGbQ1pKOUSXpaXzI6DBn3iCVKDjlZ_24qtgraLcqRwMDFzHIolXsvYGq28iX3_eT7zYaVOxtSSHaBR4m0KQAcM7hWKRwoofQS5CSNBkohxVEG37Vbqs4EfQZhjWZ-gIoig6yH9rPZYi4ItMKBei8TdkGsz4DjKE2QzfNta87yem7XFefCzd0D26NsSmtqqLCP_eoyh67Tv-y6O0U1C0BfVl8m2YSD2tPD_uHhI7d3IpiVVOJaUUXXhQJUZ_mfJ2CE5YsL0B1oqZv0cIzgNR7OGewB7k6SLzHMLe1Jg5Vcq2tOpEUOgvGydkSLHl-ydCDHD3Tpon3HZ-cYPlyCOAknlmf0ivIli68vlyePi9RvY0sHaui_IVc8uS4quL1sKvoaszuTabiBJXocaU3ESQ3oQ_06TPrl4-46XdAAF_fUyDKS7reoT2Lch1KnYtU= )."
üíß,"Ver imagem: (https://media.beehiiv.com/cdn-cgi/image/fit=scale-down,format=auto,onerror=redirect,quality=80/uploads/asset/file/c55cc828-cff1-4ad1-9ade-fbba91f9913b/Header_TechDrop.png?t=1749070148)
Caption: 3

----------
_**Parceiro em destaque**_

Ver imagem: (https://media.beehiiv.com/cdn-cgi/image/fit=scale-down,format=auto,onerror=redirect,quality=80/uploads/asset/file/5d579a28-ed0f-43c0-8d3f-6db801d359ac/math.jpg?t=1757921529)
Seguir link da imagem: (https://insights.math.group/beyond-ai-da-math?utm_campaign=21241484-Beyond%20AI&utm_source=drop&utm_medium=newsletter&utm_term=evento)
Caption: 

#### **Bom dia Droppers,**

**Hoje eu aprendi:** que os funcion√°rios da Safe Superintelligence (SSI), cofundada pelo mestre Ilya Sutskever (ex-OpenAI), foram [instru√≠dos](https://www.wsj.com/tech/ai/meta-ai-superintelligence-hiring-tension-96c9e993) a n√£o listar o empregador no LinkedIn ‚Äì em parte para evitar que a concorr√™ncia (leia-se, Zuckerberg) tentasse roub√°-los.

‚Äú**No Drop** de hoje, em 5 min e direto ao ponto:

**‚Ä¢ Nvidia: **cliente, fornecedora e concorrente
**‚Ä¢ xAI: **trocando generalistas por especialistas
**‚Ä¢ M√°gico de Oz: **um novo velho blockbuster na The Sphere
**‚Ä¢ Fintechs: **o ranking de investidores e investidas do ano.
**‚Ä¢ Inception: **validando a teoria da internet morta‚Äú ‚Äî Dropped by [Pedro Clivati](https://www.linkedin.com/in/pedroclivati/) e Renan Hamann


----------Ver imagem: (https://media.beehiiv.com/cdn-cgi/image/fit=scale-down,format=auto,onerror=redirect,quality=80/uploads/asset/file/08ccd34a-f6bd-42f4-8988-0386f86dc15c/image.png?t=1744792555)
Caption: 

----------
##### **BIG TECHS**


--------------------
# **Nvidia:** fornecedora, cliente e concorrente

Ver imagem: (https://media.beehiiv.com/cdn-cgi/image/fit=scale-down,format=auto,onerror=redirect,quality=80/uploads/asset/file/c3f8156f-b42f-416b-8bcb-da346b0d9c08/Screenshot_2025-09-14_at_11.41.35.png?t=1757860900)
Caption: 

Boa parte da receita da maior empresa do mundo vem das outras maiores do mundo, como Alphabet, Microsoft e Amazon. Para diminuir essa depend√™ncia, a **Nvidia** criou a **DGX**: uma plataforma em que ela mesma aluga poder das GPUs dos clientes que as compraram ‚Äì tanto para uso interno (ok) quanto para outros clientes (n√£o t√£o ok assim). 

Isso colocou a **Nvidia simultaneamente na posi√ß√£o de fornecedora, cliente e concorrente.**

‚Äú**A Nvidia** fabrica as GPUs que s√£o necess√°rios para rodar os servidores dos datacenters. Mas como n√£o opera como uma provedora cloud p√∫blica, aluga datacenters dos clientes (AWS, Azure, Google Cloud).

**As big techs** (Google Cloud, Microsoft Azure e Amazon AWS), compram as GPUs, constroem os datacenters e alugam essa capacidade computacional gerada para seus clientes.

**O problema **√© que a Nvidia usa o DGX para sublocar o poder de processamento dos datacenters alheios. √â como se voc√™ alugasse o seu ap√™ e descobrisse que o inquilino est√° faturando com Airbnb.‚Äú ‚Äî 

A receita da vertical de cloud da Nvidia √© de US$ 2 bilh√µes. Um valor relevante, mas microsc√≥pico perto dos US$ 120 bilh√µes gerados pela vertical de chips.

Como o CEO Jensen Huang n√£o quer briga, j√° [mudou o tom](https://www.tomshardware.com/tech-industry/nvidia-steps-back-from-dgx-cloud) e afirmou que a **Nvidia vai escalar de volta os esfor√ßos** de venda e usar o poder computacional alugado dos seus clientes apenas para uso interno ‚Äì com algumas poucas exce√ß√µes.

**Compartilhe no WhatsApp** (https://wa.me/?text=Boa%20parte%20da%20receita%20da%20maior%20empresa%20do%20mundo%20vem%20das%20outras%20maiores%20do%20mundo%2C%20como%20Alphabet%2C%20Microsoft%20e%20Amazon.%20Para%20diminuir%20essa%20depend%C3%AAncia%2C%20a%20Nvidia%20criou%20a%20DGX%3A%20uma%20plataforma%20em%20que%20ela%20mesma%20aluga%20poder%20das%20GPUs%20dos%20clientes%20que%20as%20compraram%20%E2%80%93%20tanto%20para%20uso%20interno%20%28ok%29%20quanto%20para%20outros%20clientes%20%28n%C3%A3o%20t%C3%A3o%20ok%20assim%29.%20https%3A%2F%2Fwww.techdrop.news%2Fp%2Fo-jogo-triplo-da-nvidia)


----------

----------
##### **GROK**


--------------------
# **xAI: **trocando generalistas por especialistas

Ver imagem: (https://media.beehiiv.com/cdn-cgi/image/fit=scale-down,format=auto,onerror=redirect,quality=80/uploads/asset/file/75c3e8bc-cd0f-43d4-a318-2b0a6d5cf55b/Screenshot_2025-09-14_at_09.30.57.png?t=1757853064)
Caption: 

Pelo menos 500 funcion√°rios do time de **_data annotation_**** da xAI** j√° se preparavam para sextar quando receberam um email de desligamento. Mais do que uma redu√ß√£o, essa √© uma substitui√ß√£o: a empresa de IA de Musk est√° trocando os **tutores de IA generalistas por especialistas **para o Grok.

‚Äú**Data Annotation Team**: o maior time da startup √© respons√°vel por categorizar e contextualizar dados brutos para que possam ser usado no treinamento e avalia√ß√£o dos modelos de AI/ML.

L√° s√£o feitos **rotulagem **(adi√ß√£o de metadados ou tags a dados brutos), **classifica√ß√£o** (em diferentes categorias), **transcri√ß√£o **(como converter √°udio em texto), **valida√ß√£o **(se os r√≥tulos s√£o consistentes e precisos), **itera√ß√£o **(atualiza√ß√£o de r√≥tulos) e **controle de qualidade**.‚Äú ‚Äî 

Na quinta-feira √† noite, um l√≠der publicou um ~~desafio~~ teste no canal de data annotation do Slack, ressaltando que a deadline para preenchimento seria na manh√£ de sexta-feira. No final da mesma sexta, ~~muitos cinzaram~~ o canal encolheu drasticamente. 

O time de generalistas ficava respons√°vel por um amplo escopo de atua√ß√£o (desde anotar v√≠deo e √°udio at√© escrever). Agora, os times de **novos especialistas sendo contratados ser√£o divididos em**:

* **STEM, coding, finan√ßas, jur√≠dico, m√≠dia**

* **Personalidade e Comportamento do Grok**

* **Shitposters e doomscrollers**

Al√©m das namoradas de anime de IA promovidas pelo chef√£o Musk, o chatbot da xAI j√° oferece personas como comediante, ‚Äún√£o-doutores‚Äù, terapeuta, fiel amigo, etc.  O movimento √© s√≥ mais um indicativo que os planos do Grok ‚Äì bem como os demais chatbots de IA ‚Äì envolvem **vers√µes cada vez mais especialistas** para os usu√°rios.

**Compartilhe no WhatsApp** (https://wa.me/?text=Pelo%20menos%20500%20funcion%C3%A1rios%20do%20time%20de%20data%20annotation%20da%20xAI%20j%C3%A1%20se%20preparavam%20para%20sextar%20quando%20receberam%20um%20email%20de%20desligamento.%20Mais%20do%20que%20uma%20redu%C3%A7%C3%A3o%2C%20essa%20%C3%A9%20uma%20substitui%C3%A7%C3%A3o%3A%20a%20empresa%20de%20IA%20de%20Musk%20est%C3%A1%20trocando%20os%20tutores%20de%20IA%20generalistas%20por%20especialistas%20para%20o%20Grok.%20https%3A%2F%2Fwww.techdrop.news%2Fp%2Fo-jogo-triplo-da-nvidia)


----------

----------
##### **QUICK DROPS**


--------------------
# Mundo Afora

* **[Google](https://www.reuters.com/sustainability/boards-policy-regulation/rolling-stone-billboard-owner-penske-sues-google-over-ai-overviews-2025-09-14/)**, tem mais um processo jur√≠dico para responder. Dessa vez, os donos da Rolling Stone, Billboard e Variety processam a gigante pelo AI Overview.

* **[Gemini](https://www.wsj.com/finance/stocks/gemini-space-station-gemi-stock-ipo-winklevoss-e79449f8)**, a exchange cripto fundada pelos irm√£os Winklevoss, estreou na Nasdaq com um IPO que coloca o valuation da startup em US$ 4,4 bilh√µes.

* [**OpenAI e Microsoft**](https://www.theinformation.com/articles/openai-gain-50-billion-cutting-revenue-share-microsoft-partners?rc=ujcrc0),** **chegaram em um acordo tempor√°rio sobre as cl√°usulas contratuais do investimento e a receita compartilhada sai de ~20% para 8%.

* [**Apple**](https://mashable.com/article/airpods-live-translation-eu-not-available-apple), n√£o vai liberar o uso das tradu√ß√µes ao vivo nos Airpods na Europa, j√° que a funcionalidade infringe os termos do Digital Markets Act. 


----------

----------
##### **BRANDED CONTENT**


--------------------
# As discuss√µes mais importantes de AI, al√©m da AI.

Oferecimento [**MATH**](https://insights.math.group/beyond-ai-da-math?utm_campaign=21241484-Beyond%20AI&utm_source=drop&utm_medium=newsletter&utm_term=evento)

Ver imagem: (https://media.beehiiv.com/cdn-cgi/image/fit=scale-down,format=auto,onerror=redirect,quality=80/uploads/asset/file/d02828a8-6598-4ae6-8b1a-559d18f4da3f/EventoBeyond_Convite_1200x628_email_op2__1_.jpg?t=1757920971)
Seguir link da imagem: (https://insights.math.group/beyond-ai-da-math?utm_campaign=21241484-Beyond%20AI&utm_source=drop&utm_medium=newsletter&utm_term=evento)
Caption: 

**Intelig√™ncia artificial** n√£o √© s√≥ mais assunto de departamento. Com as** geopol√≠ticas no tabuleiro**, existe um desafio macro que afeta toda tomada de decis√£o de neg√≥cios hoje:¬†

* **Soberania, governan√ßa de dados** e os bastidores das big techs! √â este cen√°rio que o **Beyond AI** quer debater em detalhes junto de **especialistas, C-levels e Lideran√ßas** convidados. (**[Se liga na agenda, Dropper!](https://insights.math.group/beyond-ai-da-math?utm_campaign=21241484-Beyond%20AI&utm_source=drop&utm_medium=newsletter&utm_term=evento)**)

‚ÄúO **Beyond AI** √© um encontro organizado pela **MATH **e acontece no dia 1¬∫ de outubro (das 14h √†s 21h), no MIS-SP.¬†‚Äú ‚Äî 

**O objetivo?** Munir os participantes com crit√©rios claros de como o cen√°rio macro da **AI** **impacta decis√µes no mundo real** e ver como casos brasileiros est√£o fazendo do lim√£o uma limonada ao avan√ßar com seguran√ßa, efici√™ncia e ROI comprovado nesse cen√°rio.

Essa discuss√£o nunca foi t√£o importante (e urgente) pros neg√≥cios! 
**[Solicite sua participa√ß√£o aqui](https://insights.math.group/beyond-ai-da-math?utm_campaign=21241484-Beyond%20AI&utm_source=drop&utm_medium=newsletter&utm_term=evento)**!


----------

----------
Ver imagem: (https://media.beehiiv.com/cdn-cgi/image/fit=scale-down,format=auto,onerror=redirect,quality=80/uploads/asset/file/73e75f37-79c3-4748-8457-b13efd625e47/image.png?t=1736949601)
Caption: 

**Um novo velho blockbuster na The Sphere: o M√°gico de Oz**

Quando o CEO James Dolan licenciou um musical de 86 anos de idade e gastou +US$ 100 milh√µes para adapt√°-lo √†s milhares de telas da Sphere, n√£o esperava que o investimento ia se pagar t√£o r√°pido. Mas, antes mesmo de exibir a primeira sess√£o do **[M√°gico de Oz](https://www.bloomberg.com/news/newsletters/2025-09-07/-the-wizard-of-oz-is-grossing-2-million-a-day-at-the-sphere)**, vendeu +200.000 ingressos! 

A cada sess√£o s√£o 4-5k pessoas pagando ~US$ 200 por ingresso. S√£o quase US$ 2 milh√µes por dia e a arrecada√ß√£o pode chegar a US$ 1 bilh√£o at√© o fim do licenciamento ‚Äì muito mais lucrativo que shows ao vivo (com margem de 70%).

A Sphere custou US$ 2,3 bilh√µes para ser constru√≠da e projeta arrecadar este ano:

* US$ 400 milh√µes com filmes

* US$ 200 milh√µes com shows

Apesar disso, a The Sphere ainda n√£o comemorou um ano lucrativo desde a abertura em 2023. Mas o CEO j√° planeja uma nova constru√ß√£o em Abu Dhabi e outras vers√µes menores por a√≠. Entre os alvos para pr√≥ximas adapta√ß√µes est√£o Harry Potter (da Warner) e Star Wars (da Disney).


----------



----------
##### **QUICK DROPS**


--------------------
# Brasil Adentro

* [**PJ n√£o √© de a√ßo**](https://simular-saude.companyhero.com/?utm_source=referral&utm_medium=referral&utm_campaign=moneydrop)*****: e tamb√©m precisa cuidar da pr√≥pria sa√∫de. Pra te ajudar a achar o plano certo e ainda garantir o melhor pre√ßo, a Company Hero criou um simulador 100% online.¬†**[Simule agora](https://simular-saude.companyhero.com/?utm_source=referral&utm_medium=referral&utm_campaign=moneydrop)**!

* **[Omie](https://startups.com.br/negocios/rodada-de-investimento/com-serie-d-de-us-150m-omie-faz-maior-rodada-do-ano/)**, levanta a maior rodada de uma startup brasileira no ano com a SoftBank e Riverwood e coloca US$ 150 mi (R$800mi) no caixa.

* **[Zucchetti](https://agenciadenoticias.bndes.gov.br/comercio-servicos/BNDES-aprova-R$-35-milhoes-para-desenvolvimento-de-softwares-da-Zucchetti/)**, a multinacional italiana com forte presen√ßa no BR, capta R$ 35 milh√µes com o BNDES para construir solu√ß√µes de IA.

* **[Deepful](https://pipelinevalor.globo.com/startups/noticia/deepful-poe-ia-para-treinar-representantes-de-farmaceuticas.ghtml)**, a startup usando IA para treinar vendedores da ind√∫stria farmac√™utica, capta rodada de R$ 5 mi com a Aggir.

###### *Conte√∫do de marca parceira


----------

----------
#### **STATS**

**US$ 2,4 bilh√µes**

ou quase R$ 13 bilh√µes foi o valor investido em fintechs brasileiras nos √∫ltimos 12 meses (junho de 2024 - junho de 2025). Neste per√≠odo, haviam 2.075 fintechs em atividade e 175 investidores, que realizaram 125 rodadas. 

No ranking de investidores que mais fizeram aportes:

1. **Ita√∫: **com 8 aportes no per√≠odo (3 deles em equity)

2. **B3: **com 7 aportes

3. **Norte Ventures: **com outros 6 aportes

No ranking de startups com maiores rodadas:

1. **Asaas: **que levantou US$ 151 milh√µes em uma s√©rie C

2. **Celcoin: **que captou US$ 124 milh√µes em uma s√©rie C

A maior parte das opera√ß√µes no Brasil aconteceram em forma de d√≠vida estruturada (como o FIDC, Fundo de Investimento em Direitos Credit√≥rios), ao contr√°rio do tradicional formato de equity (participa√ß√£o acion√°ria).

**[via](https://slinghub.io/reports/torq)** **SlingHub**


----------

----------
##### **BRANDED CONTENT**


--------------------
# Menos custos, mais produtividade‚Ä¶ E crescimento!

Oferecimento [**Zoho Projects**](https://www.zoho.com/pt-br/projects/?utm_source=referral&utm_medium=branded_content&utm_campaign=techdrop_150925)

Ver imagem: (https://media.beehiiv.com/cdn-cgi/image/fit=scale-down,format=auto,onerror=redirect,quality=80/uploads/asset/file/bac7a390-bd14-40f8-96b7-4cc210ba80f8/zoho1.jpg?t=1757921239)
Seguir link da imagem: (https://www.zoho.com/pt-br/projects/?utm_source=referral&utm_medium=branded_content&utm_campaign=techdrop_150925)
Caption: 

Quem j√° tentou organizar **centenas de projetos** ao mesmo tempo, enquanto **times espalhados** pelo mapa trocavam mensagens desencontradas, sabe o tamanho da dor de cabe√ßa. Prazos estouram, informa√ß√µes se perdem, e a sensa√ß√£o √© de que cada reuni√£o gera mais ru√≠do do que clareza.

Esse √© um cen√°rio que a [**Queen SEO**](https://www.youtube.com/watch?v=CPNoLePoCTY)** **n√£o enfrenta mais. E a virada veio quando a startup encontrou no **Zoho Projects** uma plataforma de gest√£o de projetos colaborativa e integrada capaz de alinhar equipes, reduzir atritos e ainda economizar tempo.

‚ÄúO CEO da Queen √© quem diz: a plataforma combina personaliza√ß√£o ‚Äì integrou processos pr√≥prios de design thinking e web dev ‚Äì com uma gest√£o visual clara. Al√©m disso, trouxe clientes para dentro do fluxo, facilitando aprova√ß√µes e feedbacks.‚Äú ‚Äî 

O resultado na Queen SEO? **15% menos custos e 20% mais produtividade**. E com o Zoho Projects ajudando no crescimento.

Quer seguir os passos da Queen e escalar seus neg√≥cios sem perder o controle? Conhe√ßa o [**Zoho Projects**](https://www.zoho.com/pt-br/projects/?utm_source=referral&utm_medium=branded_content&utm_campaign=techdrop_150925).

**Quero escalar!** (https://www.zoho.com/pt-br/projects/?utm_source=referral&utm_medium=branded_content&utm_campaign=techdrop_150925)


----------

----------
##### **IA**


--------------------
# **Inception:** validando a teoria da internet morta

Ver imagem: (https://media.beehiiv.com/cdn-cgi/image/fit=scale-down,format=auto,onerror=redirect,quality=80/uploads/asset/file/d90dd010-d427-4ab7-ab7b-a946f2b2fb74/Screenshot_2025-09-14_at_09.02.36.png?t=1757851362)
Caption: 

A [**teoria da internet morta**](https://www.techdrop.news/p/teoria-da-internet-morta#:~:text=Inscrever%2Dse%20agora-,A%20Teoria%20da%20Internet%20Morta,-dead%20internet%20theory) diz basicamente que a internet inteira √© feita de rob√¥s conversando entre si ‚Äì quase sem interven√ß√£o humana. Apesar da enorme quantidade de bots por a√≠, a real √© que a internet ainda est√° bem viva. Mas n√£o por muito tempo, pelo menos se depender da startup** Inception Point**.

* **A m√°quina de gerar conte√∫do: **a startup construiu 184 agentes de IA personalizados usando v√°rios modelos de LLM capazes de construir podcasts na velocidade da luz. Ao todo j√° foram 5.000 podcasts produzidos, com 3.000 epis√≥dios lan√ßados por semana.

* **A m√°quina de gerar receita: **o custo de produ√ß√£o de um podcast com IA gira em torno de US$ 1. Depois, esse mesmo epis√≥dio recebe an√∫ncios program√°ticos e, se apenas 20 pessoas ouvirem, ele j√° se paga e gera lucro. 

O time da Inception Point tem apenas 8 pessoas ~~humanas~~ (4 na √°rea de conte√∫do), mas **50 personalidades de IA** respons√°veis por apresentar os podcasts. 

‚ÄúOs bots tamb√©m usam Google e redes sociais para encontrar tend√™ncias e cada epis√≥dio ganha ~5 vers√µes para testes de desempenho, sempre com t√≠tulos curtos (como ‚ÄúBaleias‚Äù) para facilitar o descobrimento por SEO.‚Äú ‚Äî 

A startup, por enquanto, foca apenas em podcasts, mas j√° admitiu que est√° **testando short-form v√≠deos** e influencers de IA. #BraceYourselves.


----------

----------
##### **CONTRA DADOS N√ÉO H√Å ARGUMENTOS**


--------------------
Ver imagem: (https://media.beehiiv.com/cdn-cgi/image/fit=scale-down,format=auto,onerror=redirect,quality=80/uploads/asset/file/805b175c-4146-438f-abe9-6de64db60fa9/Screenshot_2025-09-15_at_04.42.02.png?t=1757922139)
Caption: 

Pela primeira vez desde o lan√ßamento oficial em 2023, o chatbot **Gemini do Google ultrapassou o ChatGPT** da OpenAI em n√∫mero de downloads (Android e iOS) e no volume de buscas. 


----------Ver imagem: (https://media.beehiiv.com/cdn-cgi/image/fit=scale-down,format=auto,onerror=redirect,quality=80/uploads/asset/file/08ccd34a-f6bd-42f4-8988-0386f86dc15c/image.png?t=1744792555)
Caption: 

## **DROPS**

[Inscreva-se](https://www.techdrop.news/subscribe?utm_campaign=header&utm_medium=button&utm_source=newsletter) | [Indique a News](https://www.techdrop.news/subscribe/1ab81091-dde3-402b-a6d3-77ea6679cbfd/referrals?_bhlid=1a0c30b1d1c828aa8b4c44d5069ae964f39996f9&jwt_token=eyJ0eXAiOiJKV1QiLCJhbGciOiJIUzI1NiJ9.eyJzdWJzY3JpYmVyX2lkIjoiMWFiODEwOTEtZGRlMy00MDJiLWE2ZDMtNzdlYTY2NzljYmZkIiwicHVibGljYXRpb25faWQiOiJhYmQyYWU4Ni1mYWZjLTQyMTgtYTgxYi1mNTZmZmMzYTk5ZjEiLCJleHAiOjE3NTgwOTk3NTksImlzcyI6Imh0dHBzOi8vYXBwLmJlZWhpaXYuY29tIiwiaWF0IjoxNzU3OTI2OTU5fQ.PJVsFFdTy30c1zZwkcn7DcYGiWYfmW-DPoNe3Yw8HtI) | [Anuncie](https://tally.so/r/3XJeDz?)

Elevando o QI da internet no Brasil, uma newsletter por vez. N√≥s filtramos tudo de mais importante e relevante que aconteceu no mercado para te entregar uma dieta de informa√ß√£o saud√°vel, r√°pida e inteligente, diretamente no seu inbox. D√™ tchau √†s assinaturas pagas, banners indesejados, pop-ups intrometidos. √â free e forever will be.


‚Äî‚Äî‚Äî

Voc√™ est√° lendo uma vers√£o de texto simples deste post. Para uma melhor experi√™ncia, copie e cole este link em seu navegador para ver o post online:
https://www.techdrop.news/p/o-jogo-triplo-da-nvidia
"
Novos projetos,"






	
		
		
		 -->
		

		
				@media only screen and (max-width: 410px) {
					.table-center-mobile {
						width: 100%;
						text-align: center !important;
						float: none;
					}

					.table-blog-post-img {
						width: 100%;
						float: none;
					}

					.table-blog-post-text {
						width: 100%;
						margin-top: 10px;
					}
				}

				@media only screen and (max-width: 550px) {
					.table-rodape-links,
					.table-rodape-social {
						width: 100% !important;
						text-align: center;
						float: none;
					}

					.table-rodape-social {
						margin-top: 10px;
					}
				}

			
		
	
	
		Ol√°, Ant√¥nio Guilherme, h√° novos projetos que possam ser do seu interesse. Veja os detalhes.
		
		
			
				
					
						
								
									
											Visualizar no navegador

											 |

											Cancelar inscri√ß√£o
									
								

							


								
									
										
											
												
													
												
											
										
									

										
											
												
													
														15 de setembro
													
												
											
										
								
							

							


								
	Ol√°, Ant√¥nio Guilherme.

	H√° novos projetos que possam ser do seu interesse:


		Web, Mobile &amp; Software


			
				CRM com omnichannel e chatbot
			


			
					Outra - Web, Mobile &amp; Software |

				Iniciante |
				Publicado: ontem √†s 08:47 |
				Tempo restante: 6 dias e 2 horas |
				Propostas: 5 |
				Interessados: 7
			

			
				Quero um projeto de CRM de vendas com omnichannel, feito em React, com integra√ß√£o com WhatsApp, Instagram e Facebook.

Quero um fluxograma para configura√ß√£o ... Leia mais.
			

				
					Habilidades desejadas: React
				

			
				Ver projeto
				ou
				Enviar proposta
			

			
				Landing page responsiva para e-commerce de IA
			


			
					Desenvolvimento Web |

				Iniciante |
				Publicado: ontem √†s 08:42 |
				Tempo restante: 2 dias e 2 horas |
				Propostas: 10 |
				Interessados: 11
			

			
				Estou em busca de um(a) desenvolvedor(a) freelance para criar uma landing page moderna, responsiva e otimizada para o meu e-commerce no ramo de Intelig√™ncia ... Leia mais.
			

				
					Habilidades desejadas: PostgreSQL e UX Design
				

			
				Ver projeto
				ou
				Enviar proposta
			

			
				Cria√ß√£o de site/ecommerce para autor via WordPress
			


			
					Desenvolvimento Web |

				Iniciante |
				Publicado: ontem √†s 10:09 |
				Tempo restante: 29 dias e 3 horas |
				Propostas: 18 |
				Interessados: 25
			

			
				Estou tentando criar um site para vender meu primeiro livro. Contratei hospedagem, comprei o dom√≠nio, etc. Queria usar o WordPress para construir o site, por... Leia mais.
			

				
					Habilidades desejadas: Integra√ß√£o de Ecommerce e Wordpress
				

			
				Ver projeto
				ou
				Enviar proposta
			

			
				Finalizar projeto de microssas
			


			
					Outra - Web, Mobile &amp; Software |

				Iniciante |
				Publicado: ontem √†s 11:37 |
				Tempo restante: 6 dias e 4 horas |
				Propostas: 10 |
				Interessados: 10
			

			
				Seleciono profissional para terminar uma plataforma criada via Hostinger Horizons.

Basicamente, √© fazer a integra√ß√£o com o Supabase, o Stripe (ou outro) e r... Leia mais.
			


			
				Ver projeto
				ou
				Enviar proposta
			

			
				Automa√ß√£o com N8N e integra√ß√£o de ferramentas
			


			
					Outra - Web, Mobile &amp; Software |

				Intermedi√°rio |
				Publicado: ontem √†s 11:44 |
				Tempo restante: 14 dias e 5 horas |
				Propostas: 10 |
				Interessados: 14
			

			
				Construir um fluxo de automa√ß√£o no N8n que integre ChatGPT, WordPress, redes sociais (Instagram/Facebook) e ferramenta de design (Canva ou similar), com foco... Leia mais.
			

				
					Habilidades desejadas: Automa√ß√£o de processos rob√≥ticos, Chatbot, Intelig√™ncia Artificial e Wordpress
				

			
				Ver projeto
				ou
				Enviar proposta
			

			
				Aplicativo para coletas e entregas
			


			
					Desenvolvimento Mobile |

				Especialista |
				Publicado: ontem √†s 12:47 |
				Tempo restante: 29 dias e 6 horas |
				Propostas: 11 |
				Interessados: 14
			

			
				Ol√°!
Preciso desenvolver um aplicativo para que o cliente solicite a coleta de uma encomenda no endere√ßo que ele informar. Essa encomenda ser√° entregue em al... Leia mais.
			

				
					Habilidades desejadas: Apps para Smart Phone/Tablet
				

			
				Ver projeto
				ou
				Enviar proposta
			

			
				Publica√ß√£o e otimiza√ß√£o de aplicativos para Google Play Store
			


			
					Desenvolvimento Mobile |

				Intermedi√°rio |
				Publicado: ontem √†s 18:27 |
				Tempo restante: 14 dias e 11 horas |
				Propostas: 2 |
				Interessados: 2
			

			
				Procuro um desenvolvedor de aplicativos experiente para auxiliar na publica√ß√£o de um aplicativo nas principais lojas: Google Play Store (para APK) e futurame... Leia mais.
			

				
					Habilidades desejadas: An√°lise de Usabiidade de Aplicativo, Android, App Store Optimization, iOS e Teste de Aplicativo Mobile
				

			
				Ver projeto
				ou
				Enviar proposta
			

			
				Automa√ß√£o de dados com Python e Power BI
			


			
					Banco de Dados |

				Intermedi√°rio |
				Publicado: ontem √†s 19:23 |
				Tempo restante: 6 dias e 12 horas |
				Propostas: 17 |
				Interessados: 23
			

			
				Estou procurando um especialista que possa criar uma automa√ß√£o para meus dados que est√£o no SQL.

O que ser√° necess√°rio:
1- Extra√ß√£o de dados
2- Transforma√ß√£... Leia mais.
			

				
					Habilidades desejadas: Power BI¬† e Python
				

			
				Ver projeto
				ou
				Enviar proposta
			

			
				√Årea segura com login e senha
			


			
					Desenvolvimento Web |

				Iniciante |
				Publicado: ontem √†s 19:43 |
				Tempo restante: 2 dias e 13 horas |
				Propostas: 15 |
				Interessados: 17
			

			
				Desejo criar uma √°rea segura com usu√°rios e senhas.

Funcionalidades obrigat√≥rias:
- Tela de login (email e senha)
- Tela de registro (email e senha)
- Tela ... Leia mais.
			

				
					Habilidades desejadas: Programa√ß√£o
				

			
				Ver projeto
				ou
				Enviar proposta
			

			
				Cria√ß√£o de site para empresa
			


			
					Desenvolvimento Web |

				Intermedi√°rio |
				Publicado: ontem √†s 20:03 |
				Tempo restante: 6 dias e 13 horas |
				Propostas: 23 |
				Interessados: 25
			

			
				Preciso criar um site funcional para a minha empresa com algumas abas, sendo elas:

‚Ä¢ P√°gina inicial de apresenta√ß√£o
‚Ä¢ P√°gina com a descri√ß√£o dos servi√ßos
‚Ä¢ ... Leia mais.
			

				
					Habilidades desejadas: .NET Framework e .NET para Web
				

			
				Ver projeto
				ou
				Enviar proposta
			

			
				Obten√ß√£o de dados do TradingView
			


			
					Outra - Web, Mobile &amp; Software |

				Iniciante |
				Publicado: ontem √†s 20:09 |
				Tempo restante: 29 dias e 13 horas |
				Propostas: 2 |
				Interessados: 4
			

			
				Preciso de obter dados OHLC diretamente do TradingView e popular uma planilha Excel.

M√∫ltiplos ativos e m√∫ltiplos time frames. Leia mais.
			


			
				Ver projeto
				ou
				Enviar proposta
			

			
				Corre√ß√£o e manuten√ß√£o de site em WordPress
			


			
					Desenvolvimento Web |

				Iniciante |
				Publicado: ontem √†s 20:10 |
				Tempo restante: 14 dias e 13 horas |
				Propostas: 7 |
				Interessados: 12
			

			
				Precisamos de um profissional experiente em WordPress para corrigir problemas cr√≠ticos em nosso site institucional, revisar c√≥digo, ajustar plugins e garanti... Leia mais.
			

				
					Habilidades desejadas: Constru√ß√£o de Website, Plugin e Wordpress
				

			
				Ver projeto
				ou
				Enviar proposta
			

			
				Edi√ß√£o e personaliza√ß√£o de site de jornalismo no WordPress
			


			
					Desenvolvimento Web |

				Intermedi√°rio |
				Publicado: ontem √†s 20:20 |
				Tempo restante: 29 dias e 13 horas |
				Propostas: 11 |
				Interessados: 13
			

			
				Ol√°,

Tenho um site de jornalismo profissional no WordPress e preciso de algu√©m com pr√°tica para editar, organizar e deix√°-lo pronto para publica√ß√£o.

O site... Leia mais.
			


			
				Ver projeto
				ou
				Enviar proposta
			

			
				Desenvolvimento de sistema de protocolos via web
			


			
					Desenvolvimento Web |

				Iniciante |
				Publicado: ontem √†s 20:47 |
				Tempo restante: 29 dias e 14 horas |
				Propostas: 12 |
				Interessados: 18
			

			
				Ol√°, estou precisando desenvolver um sistema web simples de protocolos. O objetivo √© o controle, recebimento e destina√ß√£o de protocolos de um cliente nosso. ... Leia mais.
			

				
					Habilidades desejadas: Desenvolvimento Web e MySQL
				

			
				Ver projeto
				ou
				Enviar proposta
			

			
				Profissional com experi√™ncia no Moodle
			


			
					Outra - Web, Mobile &amp; Software |

				Iniciante |
				Publicado: ontem √†s 22:36 |
				Tempo restante: 29 dias e 15 horas |
				Propostas: 1 |
				Interessados: 2
			

			
				Procuro um profissional com experi√™ncia no Moodle.

Responsabilidades:
‚Ä¢ Instala√ß√£o e configura√ß√£o completa do Moodle;
‚Ä¢ Customiza√ß√£o do layout conforme iden... Leia mais.
			


			
				Ver projeto
				ou
				Enviar proposta
			

			
				ERP para operadoras de turismo
			


			
					Desenvolvimento Web |

				Especialista |
				Publicado: ontem √†s 21:40 |
				Tempo restante: 29 dias e 14 horas |
				Propostas: 6 |
				Interessados: 6
			

			
				O Sitweb √© um ERP para operadoras de turismo, escrito em Java com banco de dados Postgres. O trabalho consiste em novas implanta√ß√µes e integra√ß√µes no sistema. Leia mais.
			

				
					Habilidades desejadas: Apache, Arquitetura Java, Java, Java EE e Java Spring¬†
				

			
				Ver projeto
				ou
				Enviar proposta
			

			
				Especialista em Python/Streamlit para login e pagamento
			


			
					Desenvolvimento Web |

				Especialista |
				Publicado: ontem √†s 23:33 |
				Tempo restante: 6 dias e 16 horas |
				Propostas: 0 |
				Interessados: 1
			

			
				Busco um desenvolvedor experiente para aprimorar um webapp j√° existente, constru√≠do com Streamlit. O projeto envolve a implementa√ß√£o de funcionalidades cruci... Leia mais.
			

				
					Habilidades desejadas: Python
				

			
				Ver projeto
				ou
				Enviar proposta
			

			
				Criar site para loja de ra√ß√µes
			


			
					Desenvolvimento Web |

				Intermedi√°rio |
				Publicado: hoje √†s 00:54 |
				Tempo restante: 2 dias e 18 horas |
				Propostas: 0 |
				Interessados: 3
			

			
				Preciso de um site para minha loja de ra√ß√µes, que seja simples, com cat√°logo de produtos e op√ß√£o de contato pelo WhatsApp. Leia mais.
			


			
				Ver projeto
				ou
				Enviar proposta
			

			
				Desenvolvimento de plataforma SaaS para cria√ß√£o de lojas digitais
			


			
					Desenvolvimento Web |

				Intermedi√°rio |
				Publicado: hoje √†s 02:37 |
				Tempo restante: 2 dias e 19 horas |
				Propostas: 0 |
				Interessados: 1
			

			
				POR FAVOR, LER COM ATEN√á√ÉO ANTES DE QUALQUER PERGUNTA.

Desenvolver plataforma de lojas digitais white-label para venda de produtos digitais (com plano de co... Leia mais.
			


			
				Ver projeto
				ou
				Enviar proposta
			

	
		Caso deseje alterar a frequ√™ncia ou o hor√°rio de recebimento dos e-mails, basta acessar a qualquer momento a p√°gina de notifica√ß√µes e alertas clicando no bot√£o abaixo (voc√™ precisa estar logado(a) no seu perfil de freelancer).
	

	
		
			Ver Notifica√ß√µes e Alertas
		
	
								
							

								
									
										
											
												
													
														
															Configura√ß√µes de notifica√ß√µes |
															Politica de privacidade |
															Termos
														

														99Freelas, 2014 - 2025
													
												
											
										

										
											
												
													
														
															
															
															
														
													
												
											
										
									
								
						
					
				
			
		

		
	

"
[DIO GLOBAL VITALICIO] O que acontece se voc√™ ignorar esse e-mail,"Seja Dio Global Vital√≠cio

( https://www.dio.me/global/black-friday-antecipada-2025?source=email-P2-black-friday-antecipada-2025&utm_source=email&utm_medium=email&utm_content=email-07&utm_term=P2&utm_campaign=black-friday-antecipada-2025 )

Fala Ant√¥nio! Tudo bem?

¬†

Hoje pode ser o √∫ltimo dia em que voc√™ vai pensar duas vezes antes de investir para conquistar sua primeira vaga em tecnologia.

Estamos encerrando a oferta do DIO GLOBAL Vital√≠cio ‚Äì e isso significa que voc√™ tem at√© √†s 23h59 para garantir acesso vital√≠cio a todos os cursos, curso de ingl√™s, job board, masterclasses, bootcamps, projetos e forma√ß√µes do DIO GLOBAL.

üëâ¬†C ( https://www.dio.me/global/black-friday-antecipada-2025?source=email-assglobal-black-friday-antecipada-2025&utm_source=email&utm_medium=email&utm_content=email-06&utm_term=assglobal&utm_campaign=black-friday-antecipada-2025 )lique aqui e aproveite a oferta antes que acabe ( https://www.dio.me/global/black-friday-antecipada-2025?source=email-P2-black-friday-antecipada-2025&utm_source=email&utm_medium=email&utm_content=email-07&utm_term=P2&utm_campaign=black-friday-antecipada-2025 )

√â um √∫nico investimento. E um acesso que vale pela vida toda.

Sem renova√ß√µes. Sem se preocupar com aumentos de pre√ßo no futuro.

Voc√™ garante:

‚úÖ Acesso para sempre ao DIO GLOBAL ‚Äì nunca mais se preocupe com renova√ß√µes ou reajustes de pre√ßo.

‚úÖ Acesso ilimitado e para sempre a todos os bootcamps da DIO, criados em parceria com as empresas mais inovadoras do mundo ‚Äî e aos pr√≥ximos lan√ßamentos.

‚úÖ Acesso ilimitado e para sempre a +1.750 cursos, bootcamps, projetos e forma√ß√µes nas carreiras mais valorizadas do mercado: back-end, front-end, mobile, games, data, intelig√™ncia artificial, cloud e muito mais.

¬†

‚úÖ Acesso ilimitado e para sempre English4Tech ‚Äì curso de ingl√™s focado em profissionais de tecnologia.

¬†¬†

‚úÖ Acesso ilimitado e para sempre ao Job Board, com as melhores vagas internacionais para voc√™ conquistar sal√°rios em d√≥lar ou euro.

¬†¬†

‚úÖ Acesso para sempre e ilimitado a Masterclasses exclusivas com profissionais que trabalham fora do Brasil para te preparar para entrevistas, rotinas de trabalho e processos seletivos internacionais.

Se voc√™ j√° sabe que vai continuar investindo na sua carreira nos pr√≥ximos anos, n√£o faz sentido perder essa chance.

üëâ Quero assinar o DIO GLOBAL Vital√≠cio agora ( https://www.dio.me/global/black-friday-antecipada-2025?source=email-P2-black-friday-antecipada-2025&utm_source=email&utm_medium=email&utm_content=email-07&utm_term=P2&utm_campaign=black-friday-antecipada-2025 )

√â s√≥ uma vez. E √© pra sempre.

At√© mais.

DIO

N√£o quer receber nossas atualiza√ß√µes? Clique aqui para cancelar a inscri√ß√£o (
https://tracking.dio.me/tracking/1/unsubscribe/0HzuojwdoPmkjG0azIxbsyFaq3LgxyCmavQKum8sh9yBArT-mk-0h6lQmUYtH8FD41MHhaRd8m7GBl8hCewH7hm_jjbHww5BOI09MBFx4P055RAynH-XQ7wAVnIh-OQKxKZhWrsCg3TrCB6KhGZTWHdqVkdOlZ5c5N-9nnt3YEJzhK9IxB3gBt3tNy98sAl3_9GYghsEN40yTL76Qw3-5S2itcmYAVr8653eq7Y2xWodj61SsQvWXEoO-9C7fkuGY68n-X3iLDwL0RgqOH2gQ-jWdyR0JF0dRpPx1QJWriOwgIMgaleLUT6HP2sg-RH3w-OvJLOA52A-jza2i8b0sJSvJp0xxocLCh-SSKbQBzhzPlIoWC1j42WAZ9Ifjw0w-8XvzvITLFzTB0ar8XXUTW7hePjAZDHGNm0ewzos_BDNYmFdPY9ofvb_6AYmuEhWfX8JNW2SqUfRd-vOLUPTdL57wvBBkdP99ctkd9uWsSAcaben5jupn77ig5iq2e1irJ3l662yYkAWdfQBNWH1Jt6PVtBsOX8kK0xtE2XTz2A= )."
Resumo de Projetos Encontrados,"Assunto: üëâ O que eles disseram ap√≥s assinar o DIO GLOBAL Vital√≠cio

--------------------------------------------------
Assunto: üíß

--------------------------------------------------
Assunto: Novos projetos

--------------------------------------------------
Assunto: [DIO GLOBAL VITALICIO] O que acontece se voc√™ ignorar esse e-mail

--------------------------------------------------
"
